<?xml version="1.0" encoding="UTF-8"?>
<lom xmlns="http://ltsc.ieee.org/xsd/LOM" xmlns:xsi="http://www.w3.org/2001/XMLSchema-instance" xsi:schemaLocation="http://ltsc.ieee.org/xsd/LOM lomCustom.xsd"><general uniqueElementName="general"><identifier><catalog uniqueElementName="catalog">My Catalog</catalog><entry uniqueElementName="entry">60da6338-95d9-458c-bc51-55268a7a97f6</entry></identifier><title><string language="en">Pulling a Treated Pine Order 12-09-2024</string></title><language>en</language><description><string language="en">Flat stack as you pull, use ground runners to square load against the mast, Position long pieces against the mast, Use  downward fork tilt, Pull short pieces last, Use leverage to move and hand stack lumber, Always have copy of order, Circle items on order as they are pulled, Be efficient - one hand on the lift (pulling) while the other is banding, Use forks to pick lumber from a stack without getting off the lift, move bad lumber to rear of stack, add lumber to a stack without getting off the lift. 
Answer test questions after watching video.</string></description><aggregationLevel uniqueElementName="aggregationLevel"><source uniqueElementName="source">LOM-ESv1.0</source><value uniqueElementName="value">2</value></aggregationLevel></general><lifeCycle><contribute><role uniqueElementName="role"><source uniqueElementName="source">LOM-ESv1.0</source><value uniqueElementName="value">author</value></role><entity>BEGIN:VCARD VERSION:3.0 FN:Craig Keen EMAIL;TYPE=INTERNET: ORG: END:VCARD</entity><date><dateTime uniqueElementName="dateTime">2024-11-04T16:43:05.00-06:00</dateTime><description><string language="en">Metadata creation date</string></description></date></contribute></lifeCycle><metaMetadata uniqueElementName="metaMetadata"><contribute><role uniqueElementName="role"><source uniqueElementName="source">LOM-ESv1.0</source><value uniqueElementName="value">creator</value></role><entity>BEGIN:VCARD VERSION:3.0 FN:Craig Keen EMAIL;TYPE=INTERNET: ORG: END:VCARD</entity><date><dateTime uniqueElementName="dateTime">2024-11-04T16:43:05.00-06:00</dateTime><description><string language="en">Metadata creation date</string></description></date></contribute><metadataSchema>LOM-ESv1.0</metadataSchema><language>en</language></metaMetadata><technical uniqueElementName="technical"><otherPlatformRequirements><string language="en">editor: eXe Learning</string><string language="en">editor: eXe Learning</string><string language="en">editor: eXe Learning</string><string language="en">editor: eXe Learning</string></otherPlatformRequirements></technical><educational><intendedEndUserRole><source uniqueElementName="source">LOM-ESv1.0</source><value uniqueElementName="value">learner</value></intendedEndUserRole><context><source uniqueElementName="source">LOM-ESv1.0</source><value uniqueElementName="value">presencial</value></context><context><source uniqueElementName="source">LOM-ESv1.0</source><value uniqueElementName="value">classroom</value></context><description><string language="en">PREKNOWLEDGE: Forklift safety video and safety test</string></description><description><string language="en">OBJECTIVES: Onboarding lumber yard hand employees</string></description><language>en</language></educational><rights uniqueElementName="rights"><copyrightAndOtherRestrictions uniqueElementName="copyrightAndOtherRestrictions"><source uniqueElementName="source">LOM-ESv1.0</source><value uniqueElementName="value">creative commons: attribution - share alike</value></copyrightAndOtherRestrictions><access uniqueElementName="access"><accessType uniqueElementName="accessType"><source uniqueElementName="source">LOM-ESv1.0</source><value uniqueElementName="value">universal</value></accessType><description><string language="en">Default</string></description></access></rights></lom>